Month,Date,Profile Name,Channel,Content Type,Likes,Comments,Labels,Interactions,Insights - Reach,Insights - Impressions,Insights - Saves,Insights - Engagement,Insights - Video Views
Januari,1/1/2019,Orange_id,INSTAGRAM,carousel,282,4,ORGANIC,286,"3,732","7,367",1,287,
Januari,1/2/2019,Orange_id,INSTAGRAM,video,158,2,ORGANIC,160,"3,407","4,696",11,171,"1,110"
Januari,1/3/2019,Orange_id,INSTAGRAM,carousel,346,11,ORGANIC,357,"4,607","8,526",6,363,
Januari,1/4/2019,Orange_id,INSTAGRAM,carousel,197,1,ORGANIC,198,"3,412","6,446",11,209,
Januari,1/8/2019,Orange_id,INSTAGRAM,carousel,674,15,ORGANIC,689,"9,156","15,817",134,823,
Januari,1/10/2019,Orange_id,INSTAGRAM,video,181,6,ORGANIC,187,"3,334","4,399",9,196,849
Januari,1/12/2019,Orange_id,INSTAGRAM,carousel,505,54,ORGANIC,559,"6,685","13,287",16,575,
Januari,1/15/2019,Orange_id,INSTAGRAM,carousel,317,5,ORGANIC,322,"4,010","7,951",58,380,
Januari,1/16/2019,Orange_id,INSTAGRAM,carousel,871,69,PROMOTED,940,"12,128","22,266",308,"1,248",
Januari,1/17/2019,Orange_id,INSTAGRAM,carousel,93,1,ORGANIC,94,,,,94,
Januari,1/17/2019,Orange_id,INSTAGRAM,carousel,388,7,ORGANIC,395,"5,121","8,305",18,413,
Januari,1/20/2019,Orange_id,INSTAGRAM,image,673,18,PROMOTED,691,"14,393","19,364",231,922,
Januari,1/22/2019,Orange_id,INSTAGRAM,video,140,1,ORGANIC,141,"2,800","3,748",4,145,912
Januari,1/23/2019,Orange_id,INSTAGRAM,video,115,8,ORGANIC,123,"2,421","3,290",4,127,699
Januari,1/24/2019,Orange_id,INSTAGRAM,carousel,277,6,ORGANIC,283,"4,090","7,086",14,297,
Januari,1/29/2019,Orange_id,INSTAGRAM,carousel,178,,ORGANIC,178,"2,741","5,152",27,205,
Januari,1/31/2019,Orange_id,INSTAGRAM,carousel,1078,42,PROMOTED,"1,120","10,051","17,633",83,"1,203",
Februari,2/3/2019,Orange_id,INSTAGRAM,carousel,658,36,ORGANIC,694,"6,168","12,460",51,745,
Februari,2/4/2019,Orange_id,INSTAGRAM,carousel,295,7,ORGANIC,302,"3,708","6,931",4,306,
Februari,2/8/2019,Orange_id,INSTAGRAM,carousel,168,,ORGANIC,168,"2,491","4,885",10,178,
Februari,2/8/2019,Orange_id,INSTAGRAM,carousel,491,50,ORGANIC,541,"6,934","12,686",15,556,
Februari,2/9/2019,Orange_id,INSTAGRAM,video,139,,ORGANIC,139,"2,719","3,849",9,148,862
Februari,2/10/2019,Orange_id,INSTAGRAM,carousel,299,5,ORGANIC,304,"3,466","6,558",1,305,
Februari,2/10/2019,Orange_id,INSTAGRAM,carousel,544,14,ORGANIC,558,"6,805","11,967",29,587,
Februari,2/11/2019,Orange_id,INSTAGRAM,carousel,517,14,ORGANIC,531,"4,902","9,117",3,534,
Februari,2/12/2019,Orange_id,INSTAGRAM,video,171,1,ORGANIC,172,"2,815","3,761",8,180,"1,060"
Februari,2/13/2019,Orange_id,INSTAGRAM,carousel,303,6,ORGANIC,309,"4,487","7,674",18,327,
Februari,2/14/2019,Orange_id,INSTAGRAM,carousel,415,12,ORGANIC,427,"5,932","10,086",45,472,
Februari,2/19/2019,Orange_id,INSTAGRAM,carousel,817,134,PROMOTED,951,"11,956","22,460",100,"1,051",
Februari,2/20/2019,Orange_id,INSTAGRAM,video,179,9,ORGANIC,188,"3,067","4,301",6,194,"1,079"
Februari,2/22/2019,Orange_id,INSTAGRAM,video,227,12,ORGANIC,239,"4,532","6,151",4,243,"2,043"
Februari,2/23/2019,Orange_id,INSTAGRAM,video,281,21,PROMOTED,302,"6,198","8,203",34,336,"2,743"
Februari,2/26/2019,Orange_id,INSTAGRAM,carousel,721,24,ORGANIC,745,"6,745","13,521",17,762,
Februari,2/28/2019,Orange_id,INSTAGRAM,video,187,3,ORGANIC,190,"3,860","5,451",3,193,"1,501"
Februari,2/28/2019,Orange_id,INSTAGRAM,carousel,865,25,PROMOTED,890,"11,041","18,824",37,927,
Maret,3/1/2019,Orange_id,INSTAGRAM,video,118,1,ORGANIC,119,"3,739","5,216",2,121,"1,361"
Maret,3/1/2019,Orange_id,INSTAGRAM,video,121,6,ORGANIC,127,"3,140","4,415",4,131,978
Maret,3/1/2019,Orange_id,INSTAGRAM,video,138,14,ORGANIC,152,"4,053","5,680",21,173,"1,187"
Maret,3/1/2019,Orange_id,INSTAGRAM,carousel,186,1,ORGANIC,187,"3,450","6,803",3,190,
Maret,3/2/2019,Orange_id,INSTAGRAM,video,132,1,ORGANIC,133,"4,039","5,399",1,134,"1,542"
Maret,3/2/2019,Orange_id,INSTAGRAM,,,,ORGANIC,,,,,,
Maret,3/2/2019,Orange_id,INSTAGRAM,carousel,376,4,ORGANIC,380,"5,414","9,850",7,387,
Maret,3/3/2019,Orange_id,INSTAGRAM,video,231,4,ORGANIC,235,"4,734","6,368",14,249,"1,839"
Maret,3/3/2019,Orange_id,INSTAGRAM,carousel,215,2,ORGANIC,217,"2,971","5,774",2,219,
Maret,3/3/2019,Orange_id,INSTAGRAM,carousel,250,,ORGANIC,250,"3,648","6,531",4,254,
Maret,3/3/2019,Orange_id,INSTAGRAM,carousel,160,,ORGANIC,160,"2,993","5,295",4,164,
Maret,3/3/2019,Orange_id,INSTAGRAM,carousel,194,1,ORGANIC,195,"2,942","5,600",0,195,
Maret,3/3/2019,Orange_id,INSTAGRAM,carousel,190,,ORGANIC,190,"3,360","6,038",2,192,
Maret,3/3/2019,Orange_id,INSTAGRAM,carousel,287,2,ORGANIC,289,"4,597","8,441",8,297,
Maret,3/5/2019,Orange_id,INSTAGRAM,carousel,293,6,ORGANIC,299,"4,203","7,361",1,300,
Maret,3/6/2019,Orange_id,INSTAGRAM,video,146,,ORGANIC,146,"3,532","4,617",10,156,"1,126"
Maret,3/7/2019,Orange_id,INSTAGRAM,carousel,135,,ORGANIC,135,"2,573","5,221",10,145,
Maret,3/8/2019,Orange_id,INSTAGRAM,carousel,381,4,ORGANIC,385,"6,038","10,831",48,433,
Maret,3/8/2019,Orange_id,INSTAGRAM,video,158,9,ORGANIC,167,"4,283","6,024",4,171,"1,385"
Maret,3/9/2019,Orange_id,INSTAGRAM,carousel,257,1,ORGANIC,258,"3,847","7,652",17,275,
Maret,3/10/2019,Orange_id,INSTAGRAM,carousel,356,4,ORGANIC,360,"4,505","8,626",7,367,
Maret,3/10/2019,Orange_id,INSTAGRAM,image,570,115,PROMOTED,685,"13,506","20,342",21,706,
Maret,3/13/2019,Orange_id,INSTAGRAM,video,151,5,ORGANIC,156,"3,913","5,301",9,165,"1,256"
Maret,3/15/2019,Orange_id,INSTAGRAM,carousel,588,5,ORGANIC,593,"7,514","13,055",19,612,
Maret,3/17/2019,Orange_id,INSTAGRAM,carousel,194,1,ORGANIC,195,"2,796","5,851",3,198,
Maret,3/17/2019,Orange_id,INSTAGRAM,carousel,324,53,ORGANIC,377,"5,193","11,070",13,390,
Maret,3/18/2019,Orange_id,INSTAGRAM,carousel,354,3,ORGANIC,357,"4,635","8,429",14,371,
Maret,3/20/2019,Orange_id,INSTAGRAM,image,414,29,ORGANIC,443,"8,142","11,554",26,469,
Maret,3/20/2019,Orange_id,INSTAGRAM,carousel,680,9,ORGANIC,689,"7,418","15,518",160,849,
Maret,3/21/2019,Orange_id,INSTAGRAM,carousel,569,7,ORGANIC,576,"7,055","12,336",70,646,
Maret,3/24/2019,Orange_id,INSTAGRAM,carousel,413,10,ORGANIC,423,"6,014","10,486",23,446,
Maret,3/24/2019,Orange_id,INSTAGRAM,video,90,2,ORGANIC,92,"2,249","3,353",2,94,646
Maret,3/24/2019,Orange_id,INSTAGRAM,carousel,367,43,ORGANIC,410,"4,588","10,380",10,420,
Maret,3/25/2019,Orange_id,INSTAGRAM,image,119,1,ORGANIC,120,"3,345","4,590",0,120,
Maret,3/29/2019,Orange_id,INSTAGRAM,carousel,945,26,PROMOTED,971,"8,289","16,206",26,997,
Maret,3/29/2019,Orange_id,INSTAGRAM,image,138,,ORGANIC,138,"2,963","4,190",1,139,
Maret,3/30/2019,Orange_id,INSTAGRAM,video,23,2,ORGANIC,25,,,,25,
Maret,3/30/2019,Orange_id,INSTAGRAM,video,112,,ORGANIC,112,"2,291","3,364",15,127,729
Maret,3/31/2019,Orange_id,INSTAGRAM,carousel,231,2,ORGANIC,233,"3,076","6,133",3,236,
Maret,3/31/2019,Orange_id,INSTAGRAM,carousel,362,43,ORGANIC,405,"4,425","9,023",8,413,
Januari,1/1/2019,Strawberry Spot,INSTAGRAM,image,385,1,ORGANIC,386,"10,003","13,060",1,387,
Januari,1/1/2019,Strawberry Spot,INSTAGRAM,image,661,1,ORGANIC,662,"13,401","17,702",4,666,
Januari,1/1/2019,Strawberry Spot,INSTAGRAM,image,805,3,ORGANIC,808,"15,426","20,054",2,810,
Januari,1/1/2019,Strawberry Spot,INSTAGRAM,image,1607,15,ORGANIC,"1,622","23,096","29,018",6,"1,628",
Januari,1/1/2019,Strawberry Spot,INSTAGRAM,image,617,11,ORGANIC,628,"15,030","20,124",2,630,
Januari,1/1/2019,Strawberry Spot,INSTAGRAM,image,2243,30,ORGANIC,"2,273","28,531","36,874",6,"2,279",
Januari,1/2/2019,Strawberry Spot,INSTAGRAM,image,1675,22,ORGANIC,"1,697","24,108","30,736",6,"1,703",
Januari,1/2/2019,Strawberry Spot,INSTAGRAM,image,789,2,ORGANIC,791,"14,528","18,638",7,798,
Januari,1/2/2019,Strawberry Spot,INSTAGRAM,image,512,8,ORGANIC,520,"12,839","17,051",2,522,
Januari,1/3/2019,Strawberry Spot,INSTAGRAM,image,1801,19,ORGANIC,"1,820","28,218","35,805",39,"1,859",
Januari,1/3/2019,Strawberry Spot,INSTAGRAM,image,2371,289,ORGANIC,"2,660","37,084","48,997",19,"2,679",
Januari,1/3/2019,Strawberry Spot,INSTAGRAM,video,274,,ORGANIC,274,"7,368","10,206",1,275,"1,679"
Januari,1/4/2019,Strawberry Spot,INSTAGRAM,image,3059,26,ORGANIC,"3,085","34,446","45,909",39,"3,124",
Januari,1/4/2019,Strawberry Spot,INSTAGRAM,image,943,2,ORGANIC,945,"14,998","19,071",6,951,
Januari,1/4/2019,Strawberry Spot,INSTAGRAM,image,445,,ORGANIC,445,"9,811","12,957",1,446,
Januari,1/4/2019,Strawberry Spot,INSTAGRAM,image,3256,31,ORGANIC,"3,287","36,835","45,574",24,"3,311",
Januari,1/4/2019,Strawberry Spot,INSTAGRAM,video,413,12,ORGANIC,425,"11,325","15,074",2,427,"3,177"
Januari,1/4/2019,Strawberry Spot,INSTAGRAM,image,696,,ORGANIC,696,"13,098","17,211",2,698,
Januari,1/5/2019,Strawberry Spot,INSTAGRAM,image,795,1,ORGANIC,796,"14,293","19,266",18,814,
Januari,1/6/2019,Strawberry Spot,INSTAGRAM,image,856,1,ORGANIC,857,"14,380","19,187",37,894,
Januari,1/6/2019,Strawberry Spot,INSTAGRAM,image,833,10,ORGANIC,843,"17,520","22,388",4,847,
Januari,1/6/2019,Strawberry Spot,INSTAGRAM,image,2570,527,ORGANIC,"3,097","41,228","56,485",8,"3,105",
Januari,1/6/2019,Strawberry Spot,INSTAGRAM,image,888,4,ORGANIC,892,"15,351","19,556",4,896,
Januari,1/6/2019,Strawberry Spot,INSTAGRAM,image,921,7,ORGANIC,928,"16,567","21,910",9,937,
Januari,1/7/2019,Strawberry Spot,INSTAGRAM,image,1446,17,ORGANIC,"1,463","21,487","27,309",5,"1,468",
Januari,1/7/2019,Strawberry Spot,INSTAGRAM,image,622,,ORGANIC,622,"14,271","17,955",7,629,
Januari,1/7/2019,Strawberry Spot,INSTAGRAM,image,828,38,ORGANIC,866,"20,881","26,771",6,872,
Januari,1/8/2019,Strawberry Spot,INSTAGRAM,image,641,12,ORGANIC,653,"14,430","18,589",2,655,
Januari,1/8/2019,Strawberry Spot,INSTAGRAM,image,639,4,ORGANIC,643,"12,193","16,143",2,645,
Januari,1/8/2019,Strawberry Spot,INSTAGRAM,image,761,3,ORGANIC,764,"13,718","18,081",4,768,
Januari,1/8/2019,Strawberry Spot,INSTAGRAM,image,680,2,ORGANIC,682,"12,007","15,736",2,684,
Januari,1/8/2019,Strawberry Spot,INSTAGRAM,image,2039,56,ORGANIC,"2,095","31,482","40,586",14,"2,109",
Januari,1/8/2019,Strawberry Spot,INSTAGRAM,image,949,6,ORGANIC,955,"18,119","22,672",3,958,
Januari,1/9/2019,Strawberry Spot,INSTAGRAM,image,1653,32,ORGANIC,"1,685","26,153","32,728",6,"1,691",
Januari,1/9/2019,Strawberry Spot,INSTAGRAM,image,462,1,ORGANIC,463,"9,294","12,627",0,463,
Januari,1/9/2019,Strawberry Spot,INSTAGRAM,image,1891,211,ORGANIC,"2,102","33,225","43,255",7,"2,154",
Januari,1/9/2019,Strawberry Spot,INSTAGRAM,image,1588,24,ORGANIC,"1,612","27,855","35,111",12,"1,624",
Januari,1/10/2019,Strawberry Spot,INSTAGRAM,image,369,,ORGANIC,369,"7,917","10,882",1,370,
Januari,1/10/2019,Strawberry Spot,INSTAGRAM,video,494,6,ORGANIC,500,"12,732","16,556",21,525,"4,172"
Januari,1/10/2019,Strawberry Spot,INSTAGRAM,image,1059,3,ORGANIC,"1,062","14,807","19,268",12,"1,074",
Januari,1/10/2019,Strawberry Spot,INSTAGRAM,image,1003,5,ORGANIC,"1,008","15,143","19,662",4,"1,012",
Januari,1/10/2019,Strawberry Spot,INSTAGRAM,image,1370,93,ORGANIC,"1,463","26,637","33,414",12,"1,475",
Januari,1/11/2019,Strawberry Spot,INSTAGRAM,image,3,,ORGANIC,3,,,,3,
Januari,1/11/2019,Strawberry Spot,INSTAGRAM,image,1137,12,ORGANIC,"1,149","19,360","24,816",4,"1,153",
Januari,1/11/2019,Strawberry Spot,INSTAGRAM,image,4249,474,PROMOTED,4723,53890,72425,31,4754,
Januari,1/11/2019,Strawberry Spot,INSTAGRAM,image,723,13,ORGANIC,736,"16,519","21,485",7,743,
Januari,1/11/2019,Strawberry Spot,INSTAGRAM,image,2134,13,ORGANIC,"2,147","27,858","35,380",8,"2,155",
Januari,1/12/2019,Strawberry Spot,INSTAGRAM,carousel,740,1,ORGANIC,741,"10,086","20,270",3,744,
Januari,1/12/2019,Strawberry Spot,INSTAGRAM,image,545,3,ORGANIC,548,"12,027","15,896",4,552,
Januari,1/12/2019,Strawberry Spot,INSTAGRAM,image,2139,197,ORGANIC,"2,336","35,170","46,010",14,"2,368",
Januari,1/12/2019,Strawberry Spot,INSTAGRAM,image,89,,ORGANIC,89,,,,89,
Januari,1/12/2019,Strawberry Spot,INSTAGRAM,video,162,2,ORGANIC,164,"1,641","2,434",2,166,592
Januari,1/13/2019,Strawberry Spot,INSTAGRAM,video,692,10,ORGANIC,702,"12,568","18,250",4,706,"4,431"
Januari,1/13/2019,Strawberry Spot,INSTAGRAM,image,2134,26,ORGANIC,"2,160","28,318","36,198",14,"2,174",
Januari,1/13/2019,Strawberry Spot,INSTAGRAM,image,1920,60,ORGANIC,"1,980","36,217","45,658",12,"1,992",
Januari,1/13/2019,Strawberry Spot,INSTAGRAM,image,752,1,ORGANIC,753,"13,348","17,751",21,774,
Januari,1/14/2019,Strawberry Spot,INSTAGRAM,image,636,,ORGANIC,636,"11,695","15,344",7,643,
Januari,1/14/2019,Strawberry Spot,INSTAGRAM,image,398,1,ORGANIC,399,"7,914","11,008",0,399,
Januari,1/14/2019,Strawberry Spot,INSTAGRAM,image,1644,74,ORGANIC,"1,718","28,060","36,750",9,"1,727",
Januari,1/14/2019,Strawberry Spot,INSTAGRAM,image,423,,ORGANIC,423,"8,040","11,242",1,424,
Januari,1/15/2019,Strawberry Spot,INSTAGRAM,image,1235,15,ORGANIC,"1,250","16,978","22,472",9,"1,259",
Januari,1/15/2019,Strawberry Spot,INSTAGRAM,image,670,4,ORGANIC,674,"11,865","15,849",3,677,
Januari,1/15/2019,Strawberry Spot,INSTAGRAM,image,586,2,ORGANIC,588,"10,837","13,727",5,593,
Januari,1/15/2019,Strawberry Spot,INSTAGRAM,image,1387,102,ORGANIC,"1,489","22,568","28,758",9,"1,498",
Januari,1/16/2019,Strawberry Spot,INSTAGRAM,image,467,,ORGANIC,467,"8,523","11,603",2,469,
Januari,1/16/2019,Strawberry Spot,INSTAGRAM,image,437,,ORGANIC,437,"8,212","11,417",1,438,
Januari,1/16/2019,Strawberry Spot,INSTAGRAM,image,2415,53,ORGANIC,"2,468","35,079","44,532",15,"2,483",
Januari,1/16/2019,Strawberry Spot,INSTAGRAM,image,602,,ORGANIC,602,"10,744","14,214",4,606,
Januari,1/17/2019,Strawberry Spot,INSTAGRAM,image,1095,12,ORGANIC,"1,107","18,230","22,533",14,"1,121",
Januari,1/17/2019,Strawberry Spot,INSTAGRAM,image,650,7,ORGANIC,657,"10,734","14,288",1,658,
Januari,1/17/2019,Strawberry Spot,INSTAGRAM,image,335,1,ORGANIC,336,"7,268","10,013",1,337,
Januari,1/17/2019,Strawberry Spot,INSTAGRAM,image,1318,185,ORGANIC,"1,503","23,399","30,278",21,"1,524",
Januari,1/18/2019,Strawberry Spot,INSTAGRAM,image,930,5,ORGANIC,935,"15,617","19,646",9,944,
Januari,1/18/2019,Strawberry Spot,INSTAGRAM,image,963,8,ORGANIC,971,"14,285","18,559",4,975,
Januari,1/18/2019,Strawberry Spot,INSTAGRAM,image,2111,394,ORGANIC,"2,505","34,098","42,880",22,"2,567",
Januari,1/18/2019,Strawberry Spot,INSTAGRAM,image,451,,ORGANIC,451,"8,132","11,413",2,453,
Januari,1/19/2019,Strawberry Spot,INSTAGRAM,image,1618,32,ORGANIC,"1,650","24,047","31,784",14,"1,667",
Januari,1/19/2019,Strawberry Spot,INSTAGRAM,image,940,5,ORGANIC,945,"14,770","19,909",6,951,
Januari,1/19/2019,Strawberry Spot,INSTAGRAM,image,1675,469,ORGANIC,"2,144","29,377","38,901",22,"2,176",
Januari,1/19/2019,Strawberry Spot,INSTAGRAM,image,741,3,ORGANIC,744,"13,390","17,772",19,763,
Januari,1/20/2019,Strawberry Spot,INSTAGRAM,image,415,3,ORGANIC,418,"9,574","12,733",1,419,
Januari,1/20/2019,Strawberry Spot,INSTAGRAM,video,271,3,ORGANIC,274,"6,630","9,445",0,274,"1,333"
Januari,1/20/2019,Strawberry Spot,INSTAGRAM,image,1051,75,ORGANIC,"1,126","19,785","25,370",11,"1,137",
Januari,1/20/2019,Strawberry Spot,INSTAGRAM,image,635,7,ORGANIC,642,"12,006","15,822",8,650,
Januari,1/21/2019,Strawberry Spot,INSTAGRAM,image,621,2,ORGANIC,623,"11,576","14,904",5,628,
Januari,1/21/2019,Strawberry Spot,INSTAGRAM,image,2258,18,ORGANIC,"2,276","27,887","36,472",7,"2,283",
Januari,1/21/2019,Strawberry Spot,INSTAGRAM,image,1634,246,ORGANIC,"1,880","24,802","31,973",9,"1,889",
Januari,1/21/2019,Strawberry Spot,INSTAGRAM,image,495,1,ORGANIC,496,"9,727","12,962",3,499,
Januari,1/22/2019,Strawberry Spot,INSTAGRAM,image,1003,22,ORGANIC,"1,025","16,403","20,867",6,"1,031",
Januari,1/22/2019,Strawberry Spot,INSTAGRAM,image,1202,7,ORGANIC,"1,209","20,015","25,436",19,"1,228",
Januari,1/22/2019,Strawberry Spot,INSTAGRAM,image,422,6,ORGANIC,428,"9,481","12,782",2,430,
Januari,1/22/2019,Strawberry Spot,INSTAGRAM,image,1799,8,ORGANIC,"1,807","21,878","27,861",5,"1,812",
Januari,1/23/2019,Strawberry Spot,INSTAGRAM,image,1236,36,ORGANIC,"1,272","20,327","26,148",24,"1,296",
Januari,1/23/2019,Strawberry Spot,INSTAGRAM,image,520,2,ORGANIC,522,"9,646","12,486",3,525,
Januari,1/23/2019,Strawberry Spot,INSTAGRAM,image,626,29,ORGANIC,655,"11,473","15,169",0,655,
Januari,1/23/2019,Strawberry Spot,INSTAGRAM,image,3156,74,ORGANIC,"3,230","33,733","44,677",23,"3,253",
Januari,1/24/2019,Strawberry Spot,INSTAGRAM,image,312,,ORGANIC,312,"7,024","9,574",1,313,
Januari,1/24/2019,Strawberry Spot,INSTAGRAM,image,1558,14,ORGANIC,"1,572","17,614","23,303",7,"1,579",
Januari,1/24/2019,Strawberry Spot,INSTAGRAM,image,771,57,ORGANIC,828,"16,297","21,280",4,832,
Januari,1/24/2019,Strawberry Spot,INSTAGRAM,image,4590,309,PROMOTED,4899,59950,77173,55,4954,
Januari,1/25/2019,Strawberry Spot,INSTAGRAM,image,1080,13,ORGANIC,"1,093","17,421","21,739",20,"1,113",
Januari,1/25/2019,Strawberry Spot,INSTAGRAM,image,789,9,ORGANIC,798,"12,204","15,716",4,802,
Januari,1/25/2019,Strawberry Spot,INSTAGRAM,carousel,2950,154,ORGANIC,"3,104","29,309","50,585",68,"3,172",
Januari,1/25/2019,Strawberry Spot,INSTAGRAM,image,609,28,ORGANIC,637,"12,011","15,831",0,637,
Januari,1/25/2019,Strawberry Spot,INSTAGRAM,image,1957,31,ORGANIC,"1,988","27,453","34,731",41,"2,029",
Januari,1/26/2019,Strawberry Spot,INSTAGRAM,image,2690,88,ORGANIC,"2,778","31,844","40,993",18,"2,796",
Januari,1/26/2019,Strawberry Spot,INSTAGRAM,image,899,4,ORGANIC,903,"14,346","18,429",8,911,
Januari,1/26/2019,Strawberry Spot,INSTAGRAM,image,1048,154,ORGANIC,"1,202","17,091","22,670",2,"1,204",
Januari,1/26/2019,Strawberry Spot,INSTAGRAM,image,1028,11,ORGANIC,"1,039","16,941","22,011",21,"1,060",
Januari,1/27/2019,Strawberry Spot,INSTAGRAM,image,1045,19,ORGANIC,"1,064","16,618","21,645",10,"1,074",
Januari,1/27/2019,Strawberry Spot,INSTAGRAM,video,624,4,ORGANIC,628,"12,548","16,196",22,650,"4,240"
Januari,1/27/2019,Strawberry Spot,INSTAGRAM,image,685,15,ORGANIC,700,"15,328","19,670",4,704,
Januari,1/27/2019,Strawberry Spot,INSTAGRAM,image,589,1,ORGANIC,590,"11,201","14,811",15,605,
Januari,1/28/2019,Strawberry Spot,INSTAGRAM,image,1380,14,ORGANIC,"1,394","19,373","24,789",13,"1,407",
Januari,1/28/2019,Strawberry Spot,INSTAGRAM,image,604,,ORGANIC,604,"9,766","13,592",1,605,
Januari,1/28/2019,Strawberry Spot,INSTAGRAM,image,1108,126,ORGANIC,"1,234","20,578","26,498",8,"1,242",
Januari,1/28/2019,Strawberry Spot,INSTAGRAM,image,1141,6,ORGANIC,"1,147","19,521","24,694",19,"1,166",
Januari,1/29/2019,Strawberry Spot,INSTAGRAM,image,495,3,ORGANIC,498,"9,885","13,660",4,502,
Januari,1/29/2019,Strawberry Spot,INSTAGRAM,image,1145,8,ORGANIC,"1,153","16,024","20,512",3,"1,156",
Januari,1/29/2019,Strawberry Spot,INSTAGRAM,image,929,77,ORGANIC,"1,006","18,771","23,891",11,"1,017",
Januari,1/29/2019,Strawberry Spot,INSTAGRAM,image,4089,37,PROMOTED,4126,64384,78107,112,4238,
Januari,1/30/2019,Strawberry Spot,INSTAGRAM,image,774,4,ORGANIC,778,"14,656","18,909",9,787,
Januari,1/30/2019,Strawberry Spot,INSTAGRAM,image,1315,28,ORGANIC,"1,343","18,820","24,198",4,"1,347",
Januari,1/30/2019,Strawberry Spot,INSTAGRAM,image,771,48,ORGANIC,819,"16,283","21,579",4,823,
Januari,1/30/2019,Strawberry Spot,INSTAGRAM,image,3580,95,ORGANIC,"3,675","45,873","58,680",47,"3,722",
Januari,1/31/2019,Strawberry Spot,INSTAGRAM,image,1239,12,ORGANIC,"1,251","15,611","20,870",4,"1,255",
Januari,1/31/2019,Strawberry Spot,INSTAGRAM,image,856,8,ORGANIC,864,"15,071","19,796",2,866,
Januari,1/31/2019,Strawberry Spot,INSTAGRAM,carousel,1259,70,ORGANIC,"1,329","19,938","32,086",5,"1,334",
Januari,1/31/2019,Strawberry Spot,INSTAGRAM,image,3944,124,ORGANIC,"4,068","55,599","70,016",136,"4,204",
Februari,2/1/2019,Strawberry Spot,INSTAGRAM,image,679,3,ORGANIC,682,"11,450","15,451",9,691,
Februari,2/1/2019,Strawberry Spot,INSTAGRAM,video,928,3,ORGANIC,931,"14,721","18,595",14,945,"6,701"
Februari,2/1/2019,Strawberry Spot,INSTAGRAM,image,486,2,ORGANIC,488,"11,221","14,874",3,491,
Februari,2/1/2019,Strawberry Spot,INSTAGRAM,image,2036,21,ORGANIC,"2,057","30,320","37,962",17,"2,074",
Februari,2/2/2019,Strawberry Spot,INSTAGRAM,image,715,11,ORGANIC,726,"12,841","16,857",7,733,
Februari,2/2/2019,Strawberry Spot,INSTAGRAM,image,1117,5,ORGANIC,"1,122","16,930","21,757",10,"1,132",
Februari,2/2/2019,Strawberry Spot,INSTAGRAM,image,3116,440,ORGANIC,"3,556","45,307","61,443",35,"3,591",
Februari,2/2/2019,Strawberry Spot,INSTAGRAM,image,781,1,ORGANIC,782,"13,403","17,879",18,800,
Februari,2/3/2019,Strawberry Spot,INSTAGRAM,image,1410,16,ORGANIC,"1,426","21,517","28,558",7,"1,433",
Februari,2/3/2019,Strawberry Spot,INSTAGRAM,image,685,3,ORGANIC,688,"13,039","17,505",5,693,
Februari,2/3/2019,Strawberry Spot,INSTAGRAM,image,494,7,ORGANIC,501,"10,117","14,253",0,501,
Februari,2/3/2019,Strawberry Spot,INSTAGRAM,image,2054,32,ORGANIC,"2,086","26,350","35,100",23,"2,109",
Februari,2/3/2019,Strawberry Spot,INSTAGRAM,image,641,2,ORGANIC,643,"11,772","15,727",8,651,
Februari,2/4/2019,Strawberry Spot,INSTAGRAM,image,12474,553,PROMOTED,13027,92165,129107,55,13081,
Februari,2/4/2019,Strawberry Spot,INSTAGRAM,image,836,2,ORGANIC,838,"14,434","18,711",7,845,
Februari,2/4/2019,Strawberry Spot,INSTAGRAM,image,832,7,ORGANIC,839,"13,771","18,440",4,843,
Februari,2/4/2019,Strawberry Spot,INSTAGRAM,image,974,21,ORGANIC,995,"15,528","20,581",4,999,
Februari,2/5/2019,Strawberry Spot,INSTAGRAM,image,508,,ORGANIC,508,"8,991","12,935",2,510,
Februari,2/5/2019,Strawberry Spot,INSTAGRAM,image,1193,10,ORGANIC,"1,203","16,776","22,198",14,"1,217",
Februari,2/5/2019,Strawberry Spot,INSTAGRAM,image,1181,14,ORGANIC,"1,195","15,994","21,165",4,"1,199",
Februari,2/5/2019,Strawberry Spot,INSTAGRAM,image,917,4,ORGANIC,921,"14,817","20,140",4,925,
Februari,2/6/2019,Strawberry Spot,INSTAGRAM,image,597,7,ORGANIC,604,"10,671","14,951",1,605,
Februari,2/6/2019,Strawberry Spot,INSTAGRAM,image,1238,3,ORGANIC,"1,241","19,329","25,239",10,"1,251",
Februari,2/6/2019,Strawberry Spot,INSTAGRAM,image,1573,5,ORGANIC,"1,578","22,101","28,325",14,"1,594",
Februari,2/6/2019,Strawberry Spot,INSTAGRAM,image,896,6,ORGANIC,902,"13,586","17,933",4,906,
Februari,2/7/2019,Strawberry Spot,INSTAGRAM,image,606,3,ORGANIC,609,"10,332","14,354",2,611,
Februari,2/7/2019,Strawberry Spot,INSTAGRAM,image,735,,ORGANIC,735,"13,139","17,225",4,739,
Februari,2/7/2019,Strawberry Spot,INSTAGRAM,image,4007,52,ORGANIC,"4,059","36,614","49,909",16,"4,075",
Februari,2/7/2019,Strawberry Spot,INSTAGRAM,image,683,1,ORGANIC,684,"10,764","14,925",5,689,
Februari,2/8/2019,Strawberry Spot,INSTAGRAM,image,1132,9,ORGANIC,"1,141","17,652","23,164",10,"1,151",
Februari,2/8/2019,Strawberry Spot,INSTAGRAM,video,250,,ORGANIC,250,"6,134","9,075",0,259,"1,202"
Februari,2/8/2019,Strawberry Spot,INSTAGRAM,image,1213,17,ORGANIC,"1,230","16,522","22,279",14,"1,244",
Februari,2/8/2019,Strawberry Spot,INSTAGRAM,image,1689,178,ORGANIC,"1,867","27,324","36,325",13,"2,034",
Februari,2/9/2019,Strawberry Spot,INSTAGRAM,image,1921,33,ORGANIC,"1,954","23,524","31,321",15,"1,969",
Februari,2/9/2019,Strawberry Spot,INSTAGRAM,image,931,4,ORGANIC,935,"15,216","19,944",3,938,
Februari,2/9/2019,Strawberry Spot,INSTAGRAM,video,661,5,ORGANIC,666,"11,486","15,965",7,673,"4,295"
Februari,2/9/2019,Strawberry Spot,INSTAGRAM,image,1130,45,ORGANIC,"1,175","18,822","25,454",1,"1,197",
Februari,2/9/2019,Strawberry Spot,INSTAGRAM,image,1170,5,ORGANIC,"1,175","17,403","24,196",24,"1,199",
Februari,2/10/2019,Strawberry Spot,INSTAGRAM,image,863,13,ORGANIC,876,"14,240","19,705",3,879,
Februari,2/10/2019,Strawberry Spot,INSTAGRAM,video,355,1,ORGANIC,356,"8,044","11,713",21,377,"2,254"
Februari,2/10/2019,Strawberry Spot,INSTAGRAM,video,1327,11,ORGANIC,"1,338","17,736","23,827",17,"1,355","8,427"
Februari,2/10/2019,Strawberry Spot,INSTAGRAM,video,587,14,ORGANIC,601,"13,527","18,550",8,609,"5,721"
Februari,2/10/2019,Strawberry Spot,INSTAGRAM,image,1091,3,ORGANIC,"1,094","16,757","22,984",17,"1,111",
Februari,2/11/2019,Strawberry Spot,INSTAGRAM,image,539,,ORGANIC,539,"9,214","13,276",4,543,
Februari,2/11/2019,Strawberry Spot,INSTAGRAM,image,701,1,ORGANIC,702,"11,182","15,377",0,702,
Februari,2/11/2019,Strawberry Spot,INSTAGRAM,image,673,19,ORGANIC,692,"12,558","17,433",2,694,
Februari,2/11/2019,Strawberry Spot,INSTAGRAM,image,1162,22,ORGANIC,"1,184","19,326","26,067",4,"1,188",
Februari,2/12/2019,Strawberry Spot,INSTAGRAM,image,1438,18,ORGANIC,"1,456","21,088","26,701",2,"1,458",
Februari,2/12/2019,Strawberry Spot,INSTAGRAM,image,870,4,ORGANIC,874,"14,905","20,011",3,878,
Februari,2/12/2019,Strawberry Spot,INSTAGRAM,image,639,3,ORGANIC,642,"10,378","14,299",1,643,
Februari,2/12/2019,Strawberry Spot,INSTAGRAM,image,1186,98,ORGANIC,"1,284","19,974","26,873",5,"1,340",
Februari,2/13/2019,Strawberry Spot,INSTAGRAM,image,597,4,ORGANIC,601,"9,749","13,667",0,601,
Februari,2/13/2019,Strawberry Spot,INSTAGRAM,image,1816,20,ORGANIC,"1,836","30,507","38,464",23,"1,864",
Februari,2/13/2019,Strawberry Spot,INSTAGRAM,image,1114,7,ORGANIC,"1,121","19,052","24,855",11,"1,132",
Februari,2/13/2019,Strawberry Spot,INSTAGRAM,image,878,74,ORGANIC,952,"16,278","22,253",0,952,
Februari,2/14/2019,Strawberry Spot,INSTAGRAM,image,860,8,ORGANIC,868,"14,463","18,903",3,871,
Februari,2/14/2019,Strawberry Spot,INSTAGRAM,image,648,1,ORGANIC,649,"10,253","14,284",3,652,
Februari,2/14/2019,Strawberry Spot,INSTAGRAM,image,854,6,ORGANIC,860,"14,446","18,953",7,867,
Februari,2/14/2019,Strawberry Spot,INSTAGRAM,image,747,29,ORGANIC,776,"12,479","18,503",1,777,
Februari,2/15/2019,Strawberry Spot,INSTAGRAM,image,2758,61,ORGANIC,"2,819","33,561","43,990",42,"2,861",
Februari,2/15/2019,Strawberry Spot,INSTAGRAM,image,1988,42,ORGANIC,"2,030","25,791","34,024",12,"2,042",
Februari,2/15/2019,Strawberry Spot,INSTAGRAM,video,424,3,ORGANIC,427,"7,221","10,465",1,428,"2,197"
Februari,2/15/2019,Strawberry Spot,INSTAGRAM,image,2945,666,ORGANIC,"3,611","38,799","53,887",44,"3,914",
Februari,2/15/2019,Strawberry Spot,INSTAGRAM,video,757,4,ORGANIC,761,"9,982","14,247",3,764,"4,021"
Februari,2/16/2019,Strawberry Spot,INSTAGRAM,image,722,2,ORGANIC,724,"10,789","14,833",0,724,
Februari,2/16/2019,Strawberry Spot,INSTAGRAM,image,1650,66,ORGANIC,"1,716","25,018","32,977",3,"1,719",
Februari,2/16/2019,Strawberry Spot,INSTAGRAM,image,793,5,ORGANIC,798,"13,023","17,786",10,808,
Februari,2/16/2019,Strawberry Spot,INSTAGRAM,image,1620,135,ORGANIC,"1,755","26,492","35,142",27,"1,782",
Februari,2/17/2019,Strawberry Spot,INSTAGRAM,image,882,2,ORGANIC,884,"15,631","20,276",14,898,
Februari,2/17/2019,Strawberry Spot,INSTAGRAM,video,346,1,ORGANIC,347,"7,219","10,542",4,351,"1,836"
Februari,2/17/2019,Strawberry Spot,INSTAGRAM,image,2828,97,ORGANIC,"2,925","38,524","49,320",56,"2,981",
Februari,2/17/2019,Strawberry Spot,INSTAGRAM,image,546,3,ORGANIC,549,"10,660","14,832",5,554,
Februari,2/18/2019,Strawberry Spot,INSTAGRAM,image,690,2,ORGANIC,692,"11,229","15,634",6,698,
Februari,2/18/2019,Strawberry Spot,INSTAGRAM,image,634,1,ORGANIC,635,"10,592","14,702",1,636,
Februari,2/18/2019,Strawberry Spot,INSTAGRAM,image,3485,142,ORGANIC,"3,627","44,922","57,116",30,"3,657",
Februari,2/18/2019,Strawberry Spot,INSTAGRAM,image,1204,115,ORGANIC,"1,319","22,436","29,376",4,"1,323",
Februari,2/19/2019,Strawberry Spot,INSTAGRAM,video,2028,7,ORGANIC,"2,035","48,642","58,867",42,"2,077","24,989"
Februari,2/19/2019,Strawberry Spot,INSTAGRAM,image,674,3,ORGANIC,677,"12,295","16,386",5,682,
Februari,2/19/2019,Strawberry Spot,INSTAGRAM,image,868,8,ORGANIC,876,"16,250","21,743",9,885,
Februari,2/19/2019,Strawberry Spot,INSTAGRAM,image,1644,322,ORGANIC,"1,966","29,135","37,621",7,"2,223",
Februari,2/20/2019,Strawberry Spot,INSTAGRAM,image,1129,19,ORGANIC,"1,148","15,447","21,288",4,"1,152",
Februari,2/20/2019,Strawberry Spot,INSTAGRAM,image,1165,2,ORGANIC,"1,167","19,178","25,045",11,"1,178",
Februari,2/20/2019,Strawberry Spot,INSTAGRAM,image,1002,45,ORGANIC,"1,047","18,761","25,470",11,"1,058",
Februari,2/20/2019,Strawberry Spot,INSTAGRAM,image,2139,60,ORGANIC,"2,199","30,336","38,692",76,"2,275",
Februari,2/21/2019,Strawberry Spot,INSTAGRAM,image,1612,28,ORGANIC,"1,640","20,831","26,716",26,"1,666",
Februari,2/21/2019,Strawberry Spot,INSTAGRAM,image,1261,7,ORGANIC,"1,268","19,219","24,718",5,"1,273",
Februari,2/21/2019,Strawberry Spot,INSTAGRAM,image,672,57,ORGANIC,729,"12,756","17,421",2,731,
Februari,2/21/2019,Strawberry Spot,INSTAGRAM,image,680,7,ORGANIC,687,"11,199","15,492",4,691,
Februari,2/22/2019,Strawberry Spot,INSTAGRAM,image,939,22,ORGANIC,961,"13,827","18,999",4,965,
Februari,2/22/2019,Strawberry Spot,INSTAGRAM,image,1759,34,ORGANIC,"1,793","30,247","38,771",20,"1,813",
Februari,2/22/2019,Strawberry Spot,INSTAGRAM,image,1493,9,ORGANIC,"1,502","18,382","24,951",4,"1,508",
Februari,2/22/2019,Strawberry Spot,INSTAGRAM,image,2142,307,ORGANIC,"2,449","35,797","46,923",28,"2,566",
Februari,2/23/2019,Strawberry Spot,INSTAGRAM,video,534,20,ORGANIC,554,"13,448","17,929",9,563,"6,446"
Februari,2/23/2019,Strawberry Spot,INSTAGRAM,image,1307,14,ORGANIC,"1,321","19,362","25,747",30,"1,351",
Februari,2/24/2019,Strawberry Spot,INSTAGRAM,image,886,1,ORGANIC,887,"13,158","18,353",3,890,
Februari,2/24/2019,Strawberry Spot,INSTAGRAM,video,567,1,ORGANIC,568,"13,625","18,185",16,584,"4,744"
Februari,2/24/2019,Strawberry Spot,INSTAGRAM,image,2773,298,ORGANIC,"3,071","37,791","51,983",24,"3,392",
Februari,2/24/2019,Strawberry Spot,INSTAGRAM,image,633,,ORGANIC,633,"11,815","16,279",11,644,
Februari,2/25/2019,Strawberry Spot,INSTAGRAM,image,1930,27,ORGANIC,"1,957","23,276","30,977",7,"1,964",
Februari,2/25/2019,Strawberry Spot,INSTAGRAM,image,1052,3,ORGANIC,"1,055","15,697","20,361",6,"1,061",
Februari,2/25/2019,Strawberry Spot,INSTAGRAM,image,284,,ORGANIC,284,"6,020","7,890",2,286,
Februari,2/25/2019,Strawberry Spot,INSTAGRAM,image,1993,157,ORGANIC,"2,150","33,538","43,380",20,"2,225",
Februari,2/25/2019,Strawberry Spot,INSTAGRAM,video,312,,ORGANIC,312,"6,732","9,863",6,320,"1,896"
Februari,2/26/2019,Strawberry Spot,INSTAGRAM,image,601,8,ORGANIC,609,"12,048","16,474",4,613,
Februari,2/27/2019,Strawberry Spot,INSTAGRAM,image,1235,75,ORGANIC,"1,310","19,516","27,077",5,"1,315",
Februari,2/28/2019,Strawberry Spot,INSTAGRAM,image,476,3,ORGANIC,479,"8,779","12,675",5,484,
Februari,2/28/2019,Strawberry Spot,INSTAGRAM,image,767,8,ORGANIC,775,"13,214","18,432",5,780,
Februari,2/28/2019,Strawberry Spot,INSTAGRAM,image,2480,922,ORGANIC,"3,402","35,438","48,949",23,"4,046",
Februari,2/28/2019,Strawberry Spot,INSTAGRAM,image,911,8,ORGANIC,919,"14,783","19,887",9,928,
Maret,3/1/2019,Strawberry Spot,INSTAGRAM,image,2328,15,ORGANIC,"2,343","28,367","36,885",28,"2,371",
Maret,3/1/2019,Strawberry Spot,INSTAGRAM,image,1021,13,ORGANIC,"1,034","15,650","20,730",8,"1,042",
Maret,3/1/2019,Strawberry Spot,INSTAGRAM,image,1173,45,ORGANIC,"1,218","17,507","23,568",0,"1,218",
Maret,3/1/2019,Strawberry Spot,INSTAGRAM,image,2313,53,ORGANIC,"2,366","30,061","39,781",15,"2,381",
Maret,3/2/2019,Strawberry Spot,INSTAGRAM,image,542,3,ORGANIC,545,"10,686","14,090",3,548,
Maret,3/2/2019,Strawberry Spot,INSTAGRAM,image,1500,34,ORGANIC,"1,534","19,474","26,634",11,"1,545",
Maret,3/2/2019,Strawberry Spot,INSTAGRAM,image,698,59,ORGANIC,757,"14,850","20,540",1,758,
Maret,3/2/2019,Strawberry Spot,INSTAGRAM,image,710,3,ORGANIC,713,"12,924","17,948",11,724,
Maret,3/3/2019,Strawberry Spot,INSTAGRAM,video,695,5,ORGANIC,700,"11,987","16,204",12,712,"4,421"
Maret,3/3/2019,Strawberry Spot,INSTAGRAM,image,397,,ORGANIC,397,"8,444","11,954",3,400,
Maret,3/3/2019,Strawberry Spot,INSTAGRAM,image,555,20,ORGANIC,575,"12,271","16,797",2,577,
Maret,3/3/2019,Strawberry Spot,INSTAGRAM,image,582,8,ORGANIC,590,"10,905","15,051",9,599,
Maret,3/4/2019,Strawberry Spot,INSTAGRAM,image,609,,ORGANIC,609,"11,186","14,480",4,613,
Maret,3/4/2019,Strawberry Spot,INSTAGRAM,image,2956,28,ORGANIC,"2,984","34,442","46,430",17,"3,001",
Maret,3/4/2019,Strawberry Spot,INSTAGRAM,image,715,49,ORGANIC,764,"13,764","18,110",1,765,
Maret,3/4/2019,Strawberry Spot,INSTAGRAM,image,793,4,ORGANIC,797,"11,898","16,153",4,801,
Maret,3/5/2019,Strawberry Spot,INSTAGRAM,image,676,2,ORGANIC,678,"10,965","15,282",2,680,
Maret,3/5/2019,Strawberry Spot,INSTAGRAM,image,604,,ORGANIC,604,"9,703","13,291",5,609,
Maret,3/5/2019,Strawberry Spot,INSTAGRAM,image,1123,128,ORGANIC,"1,251","18,282","24,672",4,"1,255",
Maret,3/5/2019,Strawberry Spot,INSTAGRAM,image,467,,ORGANIC,467,"8,672","12,302",0,467,
Maret,3/6/2019,Strawberry Spot,INSTAGRAM,image,800,6,ORGANIC,806,"15,086","20,236",15,825,
Maret,3/6/2019,Strawberry Spot,INSTAGRAM,image,1403,13,ORGANIC,"1,416","20,084","27,576",29,"1,451",
Maret,3/6/2019,Strawberry Spot,INSTAGRAM,image,3369,54,ORGANIC,"3,423","37,658","48,796",16,"3,439",
Maret,3/6/2019,Strawberry Spot,INSTAGRAM,image,2379,1242,ORGANIC,"3,621","36,038","51,024",11,"4,539",
Maret,3/7/2019,Strawberry Spot,INSTAGRAM,image,675,2,ORGANIC,677,"11,138","14,991",2,679,
Maret,3/7/2019,Strawberry Spot,INSTAGRAM,image,870,17,ORGANIC,887,"14,507","19,105",8,895,
Maret,3/7/2019,Strawberry Spot,INSTAGRAM,image,980,3,ORGANIC,983,"14,813","19,256",6,989,
Maret,3/7/2019,Strawberry Spot,INSTAGRAM,image,1441,49,ORGANIC,"1,490","23,061","31,565",8,"1,498",
Maret,3/8/2019,Strawberry Spot,INSTAGRAM,image,748,14,ORGANIC,762,"12,804","17,288",3,765,
Maret,3/8/2019,Strawberry Spot,INSTAGRAM,image,650,1,ORGANIC,651,"10,437","14,058",3,654,
Maret,3/8/2019,Strawberry Spot,INSTAGRAM,image,583,40,ORGANIC,623,"11,762","15,919",4,627,
Maret,3/8/2019,Strawberry Spot,INSTAGRAM,image,2873,56,ORGANIC,"2,929","34,368","44,033",23,"2,952",
Maret,3/9/2019,Strawberry Spot,INSTAGRAM,image,3892,11,ORGANIC,"3,903","32,560","44,041",31,"3,934",
Maret,3/9/2019,Strawberry Spot,INSTAGRAM,image,1066,6,ORGANIC,"1,072","16,518","22,325",30,"1,102",
Maret,3/9/2019,Strawberry Spot,INSTAGRAM,image,1743,361,ORGANIC,"2,104","25,717","34,889",5,"2,109",
Maret,3/9/2019,Strawberry Spot,INSTAGRAM,image,1048,9,ORGANIC,"1,057","15,196","20,479",28,"1,085",
Maret,3/10/2019,Strawberry Spot,INSTAGRAM,video,468,1,ORGANIC,469,"8,779","12,192",4,473,"2,715"
Maret,3/10/2019,Strawberry Spot,INSTAGRAM,image,1476,169,ORGANIC,"1,645","26,649","37,413",20,"1,841",
Maret,3/10/2019,Strawberry Spot,INSTAGRAM,image,1114,2,ORGANIC,"1,116","15,432","20,211",2,"1,118",
Maret,3/10/2019,Strawberry Spot,INSTAGRAM,image,690,,ORGANIC,690,"11,274","15,386",11,701,
Maret,3/11/2019,Strawberry Spot,INSTAGRAM,image,1005,23,ORGANIC,"1,028","15,187","19,946",9,"1,037",
Maret,3/11/2019,Strawberry Spot,INSTAGRAM,image,577,2,ORGANIC,579,"10,333","13,424",1,580,
Maret,3/11/2019,Strawberry Spot,INSTAGRAM,image,665,46,ORGANIC,711,"13,151","17,316",5,716,
Maret,3/11/2019,Strawberry Spot,INSTAGRAM,image,702,6,ORGANIC,708,"11,339","14,957",4,712,
Maret,3/11/2019,Strawberry Spot,INSTAGRAM,image,395,2,ORGANIC,397,"9,019","12,103",1,398,
Maret,3/12/2019,Strawberry Spot,INSTAGRAM,video,359,1,ORGANIC,360,"7,421","10,579",3,363,"2,324"
Maret,3/12/2019,Strawberry Spot,INSTAGRAM,image,439,,ORGANIC,439,"9,168","12,830",2,441,
Maret,3/12/2019,Strawberry Spot,INSTAGRAM,video,221,,ORGANIC,221,"5,607","8,438",7,228,"1,119"
Maret,3/12/2019,Strawberry Spot,INSTAGRAM,image,836,37,ORGANIC,873,"14,173","19,061",5,878,
Maret,3/13/2019,Strawberry Spot,INSTAGRAM,image,1004,11,ORGANIC,"1,015","15,756","20,799",10,"1,025",
Maret,3/13/2019,Strawberry Spot,INSTAGRAM,image,1582,66,ORGANIC,"1,648","20,614","27,604",10,"1,658",
Maret,3/13/2019,Strawberry Spot,INSTAGRAM,video,471,23,ORGANIC,494,"9,408","13,531",6,500,"4,189"
Maret,3/13/2019,Strawberry Spot,INSTAGRAM,image,669,2,ORGANIC,671,"12,059","18,239",3,674,
Maret,3/14/2019,Strawberry Spot,INSTAGRAM,video,512,11,ORGANIC,523,"10,906","14,592",10,533,"3,694"
Maret,3/14/2019,Strawberry Spot,INSTAGRAM,image,830,7,ORGANIC,837,"12,486","16,329",10,847,
Maret,3/14/2019,Strawberry Spot,INSTAGRAM,image,2534,274,ORGANIC,"2,808","29,255","40,109",31,"3,045",
Maret,3/14/2019,Strawberry Spot,INSTAGRAM,image,1535,15,ORGANIC,"1,550","22,225","28,223",8,"1,558",
Maret,3/15/2019,Strawberry Spot,INSTAGRAM,image,547,5,ORGANIC,552,"8,887","12,312",1,553,
Maret,3/15/2019,Strawberry Spot,INSTAGRAM,image,1152,9,ORGANIC,"1,161","20,604","27,198",47,"1,208",
Maret,3/15/2019,Strawberry Spot,INSTAGRAM,image,2433,748,ORGANIC,"3,181","34,189","47,733",16,"3,589",
Maret,3/15/2019,Strawberry Spot,INSTAGRAM,image,561,3,ORGANIC,564,"10,533","14,206",5,569,
Maret,3/16/2019,Strawberry Spot,INSTAGRAM,image,863,1,ORGANIC,864,"14,146","18,923",4,868,
Maret,3/16/2019,Strawberry Spot,INSTAGRAM,image,2160,17,ORGANIC,"2,177","26,545","34,174",16,"2,193",
Maret,3/16/2019,Strawberry Spot,INSTAGRAM,image,1570,31,ORGANIC,"1,601","20,267","26,608",26,"1,627",
Maret,3/16/2019,Strawberry Spot,INSTAGRAM,image,574,1,ORGANIC,575,"11,380","15,859",7,582,
Maret,3/17/2019,Strawberry Spot,INSTAGRAM,image,829,4,ORGANIC,833,"13,120","17,697",6,839,
Maret,3/17/2019,Strawberry Spot,INSTAGRAM,video,334,,ORGANIC,334,"6,877","10,284",0,334,"1,815"
Maret,3/17/2019,Strawberry Spot,INSTAGRAM,image,608,,ORGANIC,608,"12,405","17,017",13,621,
Maret,3/18/2019,Strawberry Spot,INSTAGRAM,image,912,9,ORGANIC,921,"12,352","17,309",3,924,
Maret,3/18/2019,Strawberry Spot,INSTAGRAM,image,284,,ORGANIC,284,"7,270","10,384",0,284,
Maret,3/18/2019,Strawberry Spot,INSTAGRAM,image,790,54,ORGANIC,844,"15,776","21,554",7,851,
Maret,3/18/2019,Strawberry Spot,INSTAGRAM,video,681,48,ORGANIC,729,"11,204","15,569",6,735,"3,734"
Maret,3/19/2019,Strawberry Spot,INSTAGRAM,image,526,14,ORGANIC,540,"10,669","15,096",3,543,
Maret,3/19/2019,Strawberry Spot,INSTAGRAM,video,266,,ORGANIC,266,"6,475","9,495",4,272,"1,528"
Maret,3/19/2019,Strawberry Spot,INSTAGRAM,video,428,29,ORGANIC,457,"9,519","13,295",12,469,"3,527"
Maret,3/19/2019,Strawberry Spot,INSTAGRAM,image,348,4,ORGANIC,352,"5,621","7,709",2,354,
Maret,3/19/2019,Strawberry Spot,INSTAGRAM,image,5862,234,PROMOTED,"6,096","59,230","84,651",74,"6,194",
Maret,3/20/2019,Strawberry Spot,INSTAGRAM,image,590,17,ORGANIC,607,"11,448","15,641",3,610,
Maret,3/20/2019,Strawberry Spot,INSTAGRAM,image,481,6,ORGANIC,487,"10,237","13,778",3,490,
Maret,3/20/2019,Strawberry Spot,INSTAGRAM,image,749,6,ORGANIC,755,"15,670","20,244",4,759,
Maret,3/20/2019,Strawberry Spot,INSTAGRAM,image,2448,87,ORGANIC,"2,535","25,848","35,282",26,"2,589",
Maret,3/20/2019,Strawberry Spot,INSTAGRAM,image,804,11,ORGANIC,815,"13,055","18,236",0,815,
Maret,3/21/2019,Strawberry Spot,INSTAGRAM,image,502,6,ORGANIC,508,"10,769","14,608",2,514,
Maret,3/21/2019,Strawberry Spot,INSTAGRAM,image,525,1,ORGANIC,526,"9,623","12,911",1,527,
Maret,3/21/2019,Strawberry Spot,INSTAGRAM,image,1686,89,ORGANIC,"1,775","32,130","42,434",18,"1,793",
Maret,3/21/2019,Strawberry Spot,INSTAGRAM,image,551,1,ORGANIC,552,"9,367","12,645",2,554,
Maret,3/21/2019,Strawberry Spot,INSTAGRAM,video,258,2,ORGANIC,260,"6,029","8,665",2,262,"1,424"
Maret,3/22/2019,Strawberry Spot,INSTAGRAM,image,1807,49,ORGANIC,"1,856","20,867","29,115",16,"1,872",
Maret,3/22/2019,Strawberry Spot,INSTAGRAM,image,380,,ORGANIC,380,"9,871","13,543",0,380,
Maret,3/22/2019,Strawberry Spot,INSTAGRAM,image,270,,ORGANIC,270,"8,043","11,021",0,270,
Maret,3/22/2019,Strawberry Spot,INSTAGRAM,image,440,,ORGANIC,440,"9,936","13,271",0,440,
Maret,3/22/2019,Strawberry Spot,INSTAGRAM,image,436,,ORGANIC,436,"10,094","13,725",2,438,
Maret,3/22/2019,Strawberry Spot,INSTAGRAM,carousel,596,1,ORGANIC,597,"6,862","14,327",0,597,
Maret,3/22/2019,Strawberry Spot,INSTAGRAM,carousel,479,,ORGANIC,479,"6,216","13,226",1,480,
Maret,3/22/2019,Strawberry Spot,INSTAGRAM,carousel,1229,4,ORGANIC,"1,233","10,503","20,980",3,"1,236",
Maret,3/22/2019,Strawberry Spot,INSTAGRAM,carousel,1184,5,ORGANIC,"1,189","11,914","21,982",5,"1,194",
Maret,3/23/2019,Strawberry Spot,INSTAGRAM,carousel,1590,2,ORGANIC,"1,592","11,062","22,881",6,"1,598",
Maret,3/23/2019,Strawberry Spot,INSTAGRAM,carousel,767,,ORGANIC,767,"7,061","15,261",4,771,
Maret,3/23/2019,Strawberry Spot,INSTAGRAM,image,873,5,ORGANIC,878,"15,889","21,094",10,888,
Maret,3/23/2019,Strawberry Spot,INSTAGRAM,image,744,6,ORGANIC,750,"13,493","18,341",11,761,
Maret,3/23/2019,Strawberry Spot,INSTAGRAM,video,473,17,ORGANIC,490,"11,525","15,929",9,499,"3,887"
Maret,3/24/2019,Strawberry Spot,INSTAGRAM,video,410,2,ORGANIC,412,"8,056","11,504",11,423,"2,687"
Maret,3/24/2019,Strawberry Spot,INSTAGRAM,image,7056,313,PROMOTED,"7,369","49,640","79,466",121,"7,639",
Maret,3/24/2019,Strawberry Spot,INSTAGRAM,image,846,2,ORGANIC,848,"15,336","21,061",24,872,
Maret,3/25/2019,Strawberry Spot,INSTAGRAM,image,1648,53,ORGANIC,"1,701","18,780","25,243",11,"1,712",
Maret,3/25/2019,Strawberry Spot,INSTAGRAM,image,1376,4,ORGANIC,"1,380","16,292","22,152",8,"1,388",
Maret,3/25/2019,Strawberry Spot,INSTAGRAM,image,273,1,ORGANIC,274,"6,847","9,528",0,274,
Maret,3/25/2019,Strawberry Spot,INSTAGRAM,video,1819,75,ORGANIC,"1,894","35,517","48,558",142,"2,036","18,470"
Maret,3/26/2019,Strawberry Spot,INSTAGRAM,video,14,,ORGANIC,14,,,,14,
Maret,3/26/2019,Strawberry Spot,INSTAGRAM,video,322,3,ORGANIC,325,"6,268","9,111",3,329,"1,882"
Maret,3/26/2019,Strawberry Spot,INSTAGRAM,image,501,6,ORGANIC,507,"7,958","11,424",1,508,
Maret,3/26/2019,Strawberry Spot,INSTAGRAM,image,557,,ORGANIC,557,"9,258","12,909",7,565,
Maret,3/26/2019,Strawberry Spot,INSTAGRAM,image,2629,248,ORGANIC,"2,877","32,597","45,021",11,"2,888",
Maret,3/26/2019,Strawberry Spot,INSTAGRAM,image,369,2,ORGANIC,371,"7,989","11,255",3,374,
Maret,3/26/2019,Strawberry Spot,INSTAGRAM,image,1394,20,ORGANIC,"1,414","19,464","25,776",14,"1,428",
Maret,3/27/2019,Strawberry Spot,INSTAGRAM,video,271,2,ORGANIC,273,"5,817","8,230",2,275,"1,353"
Maret,3/27/2019,Strawberry Spot,INSTAGRAM,carousel,542,,ORGANIC,542,"6,546","13,653",0,542,
Maret,3/27/2019,Strawberry Spot,INSTAGRAM,image,495,10,ORGANIC,505,"12,859","17,665",3,508,
Maret,3/27/2019,Strawberry Spot,INSTAGRAM,image,520,8,ORGANIC,528,"11,705","16,135",3,531,
Maret,3/27/2019,Strawberry Spot,INSTAGRAM,image,709,13,ORGANIC,722,"13,856","18,949",3,725,
Maret,3/27/2019,Strawberry Spot,INSTAGRAM,image,1583,124,ORGANIC,"1,707","24,800","34,297",15,"1,722",
Maret,3/28/2019,Strawberry Spot,INSTAGRAM,video,518,4,ORGANIC,522,"8,369","11,871",3,525,"3,278"
Maret,3/28/2019,Strawberry Spot,INSTAGRAM,image,662,7,ORGANIC,669,"12,525","17,146",2,671,
Maret,3/28/2019,Strawberry Spot,INSTAGRAM,image,3571,327,ORGANIC,"3,898","34,678","49,826",10,"4,107",
Maret,3/28/2019,Strawberry Spot,INSTAGRAM,image,525,3,ORGANIC,528,"9,358","12,760",2,530,
Maret,3/28/2019,Strawberry Spot,INSTAGRAM,carousel,337,,ORGANIC,337,"5,803","13,083",2,339,
Maret,3/28/2019,Strawberry Spot,INSTAGRAM,image,339,,ORGANIC,339,"8,017","11,181",4,343,
Maret,3/29/2019,Strawberry Spot,INSTAGRAM,image,626,11,ORGANIC,637,"12,453","16,602",0,639,
Maret,3/29/2019,Strawberry Spot,INSTAGRAM,image,282,1,ORGANIC,283,"7,158","10,297",1,284,
Maret,3/29/2019,Strawberry Spot,INSTAGRAM,video,212,,ORGANIC,212,"5,351","7,943",2,214,"1,190"
Maret,3/29/2019,Strawberry Spot,INSTAGRAM,image,2222,412,ORGANIC,"2,634","33,745","46,135",10,"2,968",
Maret,3/29/2019,Strawberry Spot,INSTAGRAM,video,955,38,ORGANIC,993,"13,850","18,686",13,"1,006","5,252"
Maret,3/30/2019,Strawberry Spot,INSTAGRAM,image,387,,ORGANIC,387,"8,828","12,521",2,389,
Maret,3/30/2019,Strawberry Spot,INSTAGRAM,carousel,562,,ORGANIC,562,"7,373","15,769",4,566,
Maret,3/30/2019,Strawberry Spot,INSTAGRAM,carousel,625,1,ORGANIC,626,"7,077","15,761",1,627,
Maret,3/30/2019,Strawberry Spot,INSTAGRAM,carousel,1079,2,ORGANIC,"1,081","9,846","20,230",0,"1,081",
Maret,3/30/2019,Strawberry Spot,INSTAGRAM,carousel,724,,ORGANIC,724,"7,376","15,795",0,724,
Maret,3/30/2019,Strawberry Spot,INSTAGRAM,carousel,1228,7,ORGANIC,"1,235","10,939","22,935",4,"1,239",
Maret,3/31/2019,Strawberry Spot,INSTAGRAM,video,382,2,ORGANIC,384,"8,316","11,732",12,396,"2,277"
Maret,3/31/2019,Strawberry Spot,INSTAGRAM,image,1338,8,ORGANIC,"1,346","22,875","32,000",121,"1,467",
Maret,3/31/2019,Strawberry Spot,INSTAGRAM,image,1822,258,ORGANIC,"2,080","28,525","40,591",6,"2,086",